year,state,state_po,totalvotes,votes_republican,votes_democrat,votes_libertarian,votes_other
1976,ALABAMA,AL,1182850,504070,659170,1481,18129
1976,ALASKA,AK,123574,71555,44058,6785,1176
1976,ARIZONA,AZ,742719,418642,295602,7647,20828
1976,ARKANSAS,AR,767535,267903,498604,0,1028
1976,CALIFORNIA,CA,7803770,3882244,3742284,0,179242
1976,COLORADO,CO,1081440,584278,460801,5338,31023
1976,CONNECTICUT,CT,1386355,719261,647895,0,19199
1976,DELAWARE,DE,235642,109780,122461,0,3401
1976,DISTRICT OF COLUMBIA,DC,168830,27873,137818,0,3139
1976,FLORIDA,FL,3150631,1469531,1636000,0,45100
1976,GEORGIA,GA,1463152,483743,979409,0,0
1976,HAWAII,HI,291301,140003,147375,3923,0
1976,IDAHO,ID,340932,204151,126549,3558,6674
1976,ILLINOIS,IL,4721282,2364269,2271295,8057,77661
1976,INDIANA,IN,2220362,1183958,1014714,0,21690
1976,IOWA,IA,1279303,632864,619931,1454,25054
1976,KANSAS,KS,957845,502752,430421,0,24672
1976,KENTUCKY,KY,1167142,531852,615717,814,18759
1976,LOUISIANA,LA,1277383,587446,661365,3134,25438
1976,MAINE,ME,482968,236320,232279,0,14369
1976,MARYLAND,MD,1432273,672661,759612,0,0
1976,MASSACHUSETTS,MA,2547558,1030276,1429475,135,87672
1976,MICHIGAN,MI,3651590,1893742,1696714,5407,55727
1976,MINNESOTA,MN,1949931,819395,1070440,3529,56567
1976,MISSISSIPPI,MS,768390,366846,381329,2609,17606
1976,MISSOURI,MO,1953600,927443,998387,0,27770
1976,MONTANA,MT,328734,173703,149259,0,5772
1976,NEBRASKA,NE,606749,359219,233293,1476,12761
1976,NEVADA,NV,201876,101273,92479,1519,6605
1976,NEW HAMPSHIRE,NH,339627,185935,147645,936,5111
1976,NEW JERSEY,NJ,3014472,1509688,1444653,9449,50682
1976,NEW MEXICO,NM,416590,211419,201148,1110,2913
1976,NEW YORK,NY,6668262,5926704,6633723,0,177913
1976,NORTH CAROLINA,NC,1677906,741960,927365,2219,6362
1976,NORTH DAKOTA,ND,297308,153684,136078,256,7290
1976,OHIO,OH,4110456,2000626,2009959,8952,90919
1976,OKLAHOMA,OK,1092251,545708,532442,0,14101
1976,OREGON,OR,1029876,492120,490407,0,47349
1976,PENNSYLVANIA,PA,4620787,2205604,2328677,0,86506
1976,RHODE ISLAND,RI,410584,181249,227636,715,984
1976,SOUTH CAROLINA,SC,802583,346149,450807,0,5627
1976,SOUTH DAKOTA,SD,300678,151505,147068,1619,486
1976,TENNESSEE,TN,1476346,633969,825879,0,16498
1976,TEXAS,TX,4071884,1953300,2082319,0,36265
1976,UTAH,UT,541218,337908,182110,0,21200
1976,VERMONT,VT,183902,100387,77798,0,5717
1976,VIRGINIA,VA,1697094,836554,813896,4648,41996
1976,WASHINGTON,WA,1555534,777732,717323,5042,55437
1976,WEST VIRGINIA,WV,750590,314726,435864,0,0
1976,WISCONSIN,WI,2101336,1004987,1040232,3814,52303
1976,WYOMING,WY,156343,92717,62239,0,1387
1980,ALABAMA,AL,1341929,654192,636730,13318,37689
1980,ALASKA,AK,158445,86112,41842,18479,12012
1980,ARIZONA,AZ,873945,529688,246843,18784,78630
1980,ARKANSAS,AR,837582,403164,398041,8970,27407
1980,CALIFORNIA,CA,8582938,4522994,3082943,148390,828611
1980,COLORADO,CO,1184450,652264,368009,25744,138433
1980,CONNECTICUT,CT,1406285,677210,541732,8570,178773
1980,DELAWARE,DE,235668,111252,105754,1974,16688
1980,DISTRICT OF COLUMBIA,DC,173889,23313,130231,1104,19241
1980,FLORIDA,FL,3686927,2046951,1419475,30524,189977
1980,GEORGIA,GA,1596805,654168,890955,15627,36055
1980,HAWAII,HI,303287,130112,135879,3269,34027
1980,IDAHO,ID,437431,290699,110192,8425,28115
1980,ILLINOIS,IL,4749721,2358049,1981413,38939,371320
1980,INDIANA,IN,2242033,1255656,844197,19627,122553
1980,IOWA,IA,1317661,676026,508672,13123,119840
1980,KANSAS,KS,979795,566812,326150,14470,72363
1980,KENTUCKY,KY,1295627,635274,617417,5531,37405
1980,LOUISIANA,LA,1548591,792853,708453,8240,39045
1980,MAINE,ME,523011,238522,220974,5119,58396
1980,MARYLAND,MD,1540496,680606,726161,14192,119537
1980,MASSACHUSETTS,MA,2524090,1057631,1053802,22038,390619
1980,MICHIGAN,MI,3909725,1915225,1661532,41597,291371
1980,MINNESOTA,MN,2051916,873268,954173,31593,192882
1980,MISSISSIPPI,MS,891750,441089,429281,4702,16678
1980,MISSOURI,MO,2099824,1074181,931182,14422,80039
1980,MONTANA,MT,363952,206814,118032,9825,29281
1980,NEBRASKA,NE,639533,419214,166424,9041,44854
1980,NEVADA,NV,243692,155017,66666,4358,17651
1980,NEW HAMPSHIRE,NH,383990,221705,108864,2064,51357
1980,NEW JERSEY,NJ,2975684,1546557,1147364,20652,261111
1980,NEW MEXICO,NM,456237,250779,167826,4365,33267
1980,NEW YORK,NY,6201959,5531531,5456744,0,579756
1980,NORTH CAROLINA,NC,1855833,915018,875635,9677,55503
1980,NORTH DAKOTA,ND,301116,193695,79189,3743,24489
1980,OHIO,OH,4283603,2206545,1752414,49033,275611
1980,OKLAHOMA,OK,1149708,695570,402026,13828,38284
1980,OREGON,OR,1181516,571044,456890,25838,127744
1980,PENNSYLVANIA,PA,4561501,2261872,1937540,33263,328826
1980,RHODE ISLAND,RI,415967,154793,198342,2458,60374
1980,SOUTH CAROLINA,SC,888258,439277,428220,4807,15954
1980,SOUTH DAKOTA,SD,327703,198343,103855,3824,21681
1980,TENNESSEE,TN,1617616,787761,783051,7116,39688
1980,TEXAS,TX,4541636,2510705,1881147,37643,112141
1980,UTAH,UT,604152,439687,124266,7156,33043
1980,VERMONT,VT,213299,94628,81952,1900,34819
1980,VIRGINIA,VA,1866032,989609,752174,12821,111428
1980,WASHINGTON,WA,1742394,865244,650193,29213,197744
1980,WEST VIRGINIA,WV,737715,334206,367462,4356,31691
1980,WISCONSIN,WI,2273221,1088845,981584,29135,173657
1980,WYOMING,WY,176713,110700,49427,4514,12072
1984,ALABAMA,AL,1441713,872849,551899,9504,7461
1984,ALASKA,AK,207605,138377,62007,6378,843
1984,ARIZONA,AZ,1025897,681416,333854,10585,42
1984,ARKANSAS,AR,884406,534774,338646,2221,8765
1984,CALIFORNIA,CA,9505041,5467009,3922519,49951,65562
1984,COLORADO,CO,1295380,821817,454975,11257,7331
1984,CONNECTICUT,CT,1466900,890877,569597,0,6426
1984,DELAWARE,DE,254572,152190,101656,268,458
1984,DISTRICT OF COLUMBIA,DC,211288,29009,180408,279,1592
1984,FLORIDA,FL,4180051,2730350,1448816,0,885
1984,GEORGIA,GA,1776103,1068722,706628,0,753
1984,HAWAII,HI,335846,185050,147154,2167,1475
1984,IDAHO,ID,411144,297523,108510,2823,2288
1984,ILLINOIS,IL,4819088,2707103,2086499,10086,15400
1984,INDIANA,IN,2233069,1377230,841481,6741,7617
1984,IOWA,IA,1319805,703088,605620,1844,9253
1984,KANSAS,KS,1021991,677296,333149,3329,8217
1984,KENTUCKY,KY,1369345,821702,539539,0,8104
1984,LOUISIANA,LA,1706822,1037299,651586,1876,16061
1984,MAINE,ME,553144,336500,214515,0,2129
1984,MARYLAND,MD,1675873,879918,787935,5721,2299
1984,MASSACHUSETTS,MA,2559383,1310936,1239606,0,8841
1984,MICHIGAN,MI,3801658,2251571,1529638,10055,10394
1984,MINNESOTA,MN,2084449,1032603,1036364,2996,12486
1984,MISSISSIPPI,MS,941104,582377,352192,2336,4199
1984,MISSOURI,MO,2122771,1274188,848583,0,0
1984,MONTANA,MT,384377,232450,146742,5185,0
1984,NEBRASKA,NE,652090,460054,187866,2079,2091
1984,NEVADA,NV,282717,188770,91655,2292,0
1984,NEW HAMPSHIRE,NH,388904,267050,120347,735,772
1984,NEW JERSEY,NJ,3217862,1933630,1261323,6416,16493
1984,NEW MEXICO,NM,514370,307101,201769,4459,1041
1984,NEW YORK,NY,6806810,7041282,6120894,23898,10489
1984,NORTH CAROLINA,NC,2175361,1346481,824287,3794,799
1984,NORTH DAKOTA,ND,308971,200336,104429,703,3503
1984,OHIO,OH,4563235,2678559,1825440,5886,53350
1984,OKLAHOMA,OK,1255676,861530,385080,9066,0
1984,OREGON,OR,1226527,685700,536479,0,4348
1984,PENNSYLVANIA,PA,4844903,2584323,2228131,6982,25467
1984,RHODE ISLAND,RI,410489,212080,197106,277,1026
1984,SOUTH CAROLINA,SC,968529,615539,344459,4359,4172
1984,SOUTH DAKOTA,SD,317867,200267,116113,0,1487
1984,TENNESSEE,TN,1711993,990212,711714,3072,6995
1984,TEXAS,TX,5397571,3433428,1949276,0,14867
1984,UTAH,UT,629656,469105,155369,2447,2735
1984,VERMONT,VT,234561,135865,95730,1002,1964
1984,VIRGINIA,VA,2146635,1337078,796250,0,13307
1984,WASHINGTON,WA,1874910,1051670,798352,8844,16044
1984,WEST VIRGINIA,WV,735742,405483,328125,0,2134
1984,WISCONSIN,WI,2211689,1198584,995740,4883,12482
1984,WYOMING,WY,188968,133241,53370,2357,0
1988,ALABAMA,AL,1378476,815576,549506,8460,4934
1988,ALASKA,AK,200116,119251,72584,5484,2797
1988,ARIZONA,AZ,1171873,702541,454029,13351,1952
1988,ARKANSAS,AR,827738,466578,349237,3297,8626
1988,CALIFORNIA,CA,9887065,5054917,4702233,70105,59810
1988,COLORADO,CO,1372394,728177,621453,15482,7282
1988,CONNECTICUT,CT,1443394,750241,676584,14071,2498
1988,DELAWARE,DE,249891,139639,108647,1162,443
1988,DISTRICT OF COLUMBIA,DC,192877,27590,159407,554,5326
1988,FLORIDA,FL,4302313,2618885,1656701,19796,6931
1988,GEORGIA,GA,1809672,1081331,714792,8435,5114
1988,HAWAII,HI,354461,158625,192364,1999,1473
1988,IDAHO,ID,408968,253881,147272,5313,2502
1988,ILLINOIS,IL,4559120,2310939,2215940,14944,17297
1988,INDIANA,IN,2168621,1297763,860643,0,10215
1988,IOWA,IA,1225614,545355,670557,2494,7208
1988,KANSAS,KS,993044,554049,422636,0,16359
1988,KENTUCKY,KY,1322517,734281,580368,2118,5750
1988,LOUISIANA,LA,1628202,883702,717460,4115,22925
1988,MAINE,ME,555035,307131,243569,2700,1635
1988,MARYLAND,MD,1714358,876167,826304,6748,5139
1988,MASSACHUSETTS,MA,2632801,1194635,1401415,24251,12500
1988,MICHIGAN,MI,3669163,1965486,1675783,18336,9558
1988,MINNESOTA,MN,2096790,962337,1109471,5109,19873
1988,MISSISSIPPI,MS,931527,557890,363921,3329,6387
1988,MISSOURI,MO,2093228,1084953,1001619,0,6656
1988,MONTANA,MT,365674,190412,168936,5047,1279
1988,NEBRASKA,NE,661465,397956,259235,2534,1740
1988,NEVADA,NV,343133,206040,132738,3520,835
1988,NEW HAMPSHIRE,NH,450525,281537,163696,4502,790
1988,NEW JERSEY,NJ,3099553,1743192,1320352,8421,27588
1988,NEW MEXICO,NM,521387,270341,244497,3368,3181
1988,NEW YORK,NY,6485683,5920285,6603369,24218,43821
1988,NORTH CAROLINA,NC,2134370,1237258,890167,0,6945
1988,NORTH DAKOTA,ND,297261,166559,127739,1315,1648
1988,OHIO,OH,4393585,2416549,1939629,11926,25481
1988,OKLAHOMA,OK,1171036,678367,483423,6261,2985
1988,OREGON,OR,1201694,560126,616206,14811,10551
1988,PENNSYLVANIA,PA,4536251,2300087,2194944,12051,29169
1988,RHODE ISLAND,RI,404622,177761,225123,825,913
1988,SOUTH CAROLINA,SC,986009,606443,370554,4935,4077
1988,SOUTH DAKOTA,SD,312991,165415,145560,0,2016
1988,TENNESSEE,TN,1636250,947233,679794,0,9223
1988,TEXAS,TX,5427410,3036829,2352748,30355,7478
1988,UTAH,UT,647008,428442,207343,7473,3750
1988,VERMONT,VT,243328,124331,115775,1000,2222
1988,VIRGINIA,VA,2191609,1309162,859799,8336,14312
1988,WASHINGTON,WA,1865253,903835,933516,17240,10662
1988,WEST VIRGINIA,WV,653311,310065,341016,0,2230
1988,WISCONSIN,WI,2191608,1047499,1126794,0,17315
1988,WYOMING,WY,176551,106867,67113,2026,545
1992,ALABAMA,AL,1688060,804283,690080,5737,187960
1992,ALASKA,AK,258506,102000,78294,1378,76834
1992,ARIZONA,AZ,1486975,572086,543050,6759,365080
1992,ARKANSAS,AR,950653,337324,505823,0,107506
1992,CALIFORNIA,CA,11131721,3630574,5121325,48139,2331683
1992,COLORADO,CO,1569180,562850,629681,8669,367980
1992,CONNECTICUT,CT,1616156,578313,682318,5391,350134
1992,DELAWARE,DE,289620,102313,126054,935,60318
1992,DISTRICT OF COLUMBIA,DC,227572,20698,192619,467,13788
1992,FLORIDA,FL,5313392,2173310,2071698,15079,1053305
1992,GEORGIA,GA,2321133,995252,1008966,7110,309805
1992,HAWAII,HI,372842,136822,179310,1119,55591
1992,IDAHO,ID,482114,202645,137013,1167,141289
1992,ILLINOIS,IL,5050157,1734096,2453350,9218,853493
1992,INDIANA,IN,2305871,989375,848420,7936,460140
1992,IOWA,IA,1354607,504891,586353,1076,262287
1992,KANSAS,KS,1157236,449951,390434,4314,312537
1992,KENTUCKY,KY,1492900,617178,665104,4513,206105
1992,LOUISIANA,LA,1790017,733386,815971,3155,237505
1992,MAINE,ME,679499,206504,263420,1681,207894
1992,MARYLAND,MD,1984580,707094,988571,4715,284200
1992,MASSACHUSETTS,MA,2773664,805039,1318639,9021,640965
1992,MICHIGAN,MI,4274673,1554940,1871182,10175,838376
1992,MINNESOTA,MN,2347948,747841,1020997,3374,575736
1992,MISSISSIPPI,MS,981793,487793,400258,2154,91588
1992,MISSOURI,MO,2391270,811159,1053873,7497,518741
1992,MONTANA,MT,410583,144207,154507,986,110883
1992,NEBRASKA,NE,737546,343678,216864,1340,175664
1992,NEVADA,NV,506318,175828,189148,1835,139507
1992,NEW HAMPSHIRE,NH,537215,202484,209040,3548,122143
1992,NEW JERSEY,NJ,3343594,1356865,1436206,6822,543701
1992,NEW MEXICO,NM,569986,212824,261617,1615,93930
1992,NEW YORK,NY,7079432,4388339,6791344,26902,1274882
1992,NORTH CAROLINA,NC,2611850,1134661,1114042,5171,357976
1992,NORTH DAKOTA,ND,308133,136244,99168,0,72721
1992,OHIO,OH,4939967,1894310,1984942,0,1060715
1992,OKLAHOMA,OK,1390359,592929,473066,4486,319878
1992,OREGON,OR,1462643,475757,621314,4277,361295
1992,PENNSYLVANIA,PA,4959810,1791841,2239164,21477,907328
1992,RHODE ISLAND,RI,453365,131601,213299,571,107894
1992,SOUTH CAROLINA,SC,1228912,577507,525514,2719,123172
1992,SOUTH DAKOTA,SD,336254,136718,124888,814,73834
1992,TENNESSEE,TN,1982638,841300,933521,0,207817
1992,TEXAS,TX,6154018,2496071,2281815,19699,1356433
1992,UTAH,UT,743998,322632,183429,1900,236037
1992,VERMONT,VT,289701,88122,133592,501,67486
1992,VIRGINIA,VA,2559129,1150517,1038650,5730,364232
1992,WASHINGTON,WA,2287565,731234,993037,7533,555761
1992,WEST VIRGINIA,WV,683677,241974,331001,1873,108829
1992,WISCONSIN,WI,2531064,930855,1041066,2877,556266
1992,WYOMING,WY,199884,79347,68160,844,51533
1996,ALABAMA,AL,1534349,769044,662165,5290,97850
1996,ALASKA,AK,241620,122746,80380,2276,36218
1996,ARIZONA,AZ,1404405,622073,653288,14358,114686
1996,ARKANSAS,AR,884262,325416,475171,3076,80599
1996,CALIFORNIA,CA,10019469,3828381,5119835,73600,997653
1996,COLORADO,CO,1510702,691848,671152,12392,135310
1996,CONNECTICUT,CT,1392614,483109,735740,5788,167977
1996,DELAWARE,DE,270810,99062,140355,2052,29341
1996,DISTRICT OF COLUMBIA,DC,185726,17339,158220,588,9579
1996,FLORIDA,FL,5303154,2244536,2546870,23326,488422
1996,GEORGIA,GA,2298899,1080843,1053849,17870,146337
1996,HAWAII,HI,360120,113943,205012,2493,38672
1996,IDAHO,ID,491711,256595,165443,3325,66348
1996,ILLINOIS,IL,4311391,1587021,2341744,22548,360078
1996,INDIANA,IN,2135431,1006693,887424,15632,225682
1996,IOWA,IA,1234075,492644,620258,2315,118858
1996,KANSAS,KS,1074300,583245,387659,4557,98839
1996,KENTUCKY,KY,1388708,623283,636614,4009,124802
1996,LOUISIANA,LA,1783959,712586,927837,7499,136037
1996,MAINE,ME,605897,186378,312788,2996,103735
1996,MARYLAND,MD,1780870,681530,966207,8765,124368
1996,MASSACHUSETTS,MA,2556459,718058,1571509,20424,246468
1996,MICHIGAN,MI,3848844,1481212,1989653,27670,350309
1996,MINNESOTA,MN,2192492,766395,1120380,8271,297446
1996,MISSISSIPPI,MS,893857,439838,394022,2809,57188
1996,MISSOURI,MO,2158065,890016,1025935,10522,231592
1996,MONTANA,MT,407083,179652,167922,2526,56983
1996,NEBRASKA,NE,677415,363467,236761,2792,74395
1996,NEVADA,NV,464279,199244,203974,4460,56601
1996,NEW HAMPSHIRE,NH,496597,196486,246166,4214,49731
1996,NEW JERSEY,NJ,3075860,1103099,1652361,0,320400
1996,NEW MEXICO,NM,556074,232751,273495,2996,46832
1996,NEW YORK,NY,6439129,3672199,7405807,24440,737240
1996,NORTH CAROLINA,NC,2515807,1225938,1107849,8740,173280
1996,NORTH DAKOTA,ND,266411,125050,106905,847,33609
1996,OHIO,OH,4534434,1859883,2148222,12851,513478
1996,OKLAHOMA,OK,1206713,582315,488105,5505,130788
1996,OREGON,OR,1377760,538152,649641,8903,181064
1996,PENNSYLVANIA,PA,4501307,1801169,2215819,28000,456319
1996,RHODE ISLAND,RI,390247,104683,233050,1109,51405
1996,SOUTH CAROLINA,SC,1150182,573339,506152,4271,66420
1996,SOUTH DAKOTA,SD,323826,150543,139333,1472,32478
1996,TENNESSEE,TN,1894105,863530,909146,0,121429
1996,TEXAS,TX,5611644,2736167,2459683,20256,395538
1996,UTAH,UT,665629,361911,221633,4129,77956
1996,VERMONT,VT,258449,80352,137894,1183,39020
1996,VIRGINIA,VA,2416642,1138350,1091060,9174,178058
1996,WASHINGTON,WA,2253837,840712,1123323,12522,277280
1996,WEST VIRGINIA,WV,636459,233946,327812,3062,71639
1996,WISCONSIN,WI,2196169,845029,1071971,7929,271240
1996,WYOMING,WY,211571,105388,77934,1739,26510
2000,ALABAMA,AL,1666272,941173,692611,5893,26595
2000,ALASKA,AK,285560,167398,79004,2636,36522
2000,ARIZONA,AZ,1532016,781652,685341,5775,59248
2000,ARKANSAS,AR,921781,472940,422768,2781,23292
2000,CALIFORNIA,CA,10965822,4567429,5861203,45520,491670
2000,COLORADO,CO,1741368,883748,738227,12799,106594
2000,CONNECTICUT,CT,1459525,561094,816015,3484,78932
2000,DELAWARE,DE,327529,137288,180068,774,9399
2000,DISTRICT OF COLUMBIA,DC,201894,18073,171923,669,11229
2000,FLORIDA,FL,5963110,2912790,2912253,16415,121652
2000,GEORGIA,GA,2583208,1419720,1116230,36332,10926
2000,HAWAII,HI,367951,137845,205286,1477,23343
2000,IDAHO,ID,501615,336937,138637,3488,22553
2000,ILLINOIS,IL,4742108,2019421,2589026,11623,122038
2000,INDIANA,IN,2199302,1245836,901980,15530,35956
2000,IOWA,IA,1353022,634373,638517,3209,76923
2000,KANSAS,KS,1072216,622332,399276,4525,46083
2000,KENTUCKY,KY,1544106,872520,638923,2885,29778
2000,LOUISIANA,LA,1765656,927871,792344,2951,42490
2000,MAINE,ME,651817,286616,319951,3074,42176
2000,MARYLAND,MD,2025212,813827,1144008,5310,62067
2000,MASSACHUSETTS,MA,2733964,878502,1616487,16366,222609
2000,MICHIGAN,MI,4232501,1953139,2170418,16711,92233
2000,MINNESOTA,MN,2438685,1109659,1168266,5282,155478
2000,MISSISSIPPI,MS,994184,572844,404614,2009,14717
2000,MISSOURI,MO,2359892,1189924,1111138,7436,51394
2000,MONTANA,MT,410986,240178,137126,1718,31964
2000,NEBRASKA,NE,697019,433862,231780,2245,29132
2000,NEVADA,NV,608970,301575,279978,3311,24106
2000,NEW HAMPSHIRE,NH,569081,273559,266348,2757,26417
2000,NEW JERSEY,NJ,3187226,1284173,1788850,0,114203
2000,NEW MEXICO,NM,598605,286417,286783,2058,23347
2000,NEW YORK,NY,6960215,4661951,8049912,15298,441495
2000,NORTH CAROLINA,NC,2914990,1631163,1257692,13891,12244
2000,NORTH DAKOTA,ND,288256,174852,95284,0,18120
2000,OHIO,OH,4701998,2350363,2183628,13473,154534
2000,OKLAHOMA,OK,1234229,744337,474276,6602,9014
2000,OREGON,OR,1533950,713577,720342,7447,92584
2000,PENNSYLVANIA,PA,4912185,2281127,2485967,11248,133843
2000,RHODE ISLAND,RI,409112,130555,249508,742,28307
2000,SOUTH CAROLINA,SC,1383902,786892,566037,4760,26213
2000,SOUTH DAKOTA,SD,316269,190700,118804,1662,5103
2000,TENNESSEE,TN,2076181,1061949,981720,0,32512
2000,TEXAS,TX,6407637,3799639,2433746,23160,151092
2000,UTAH,UT,770754,515096,203053,3616,48989
2000,VERMONT,VT,294308,119775,149022,784,24727
2000,VIRGINIA,VA,2739447,1437490,1217290,15198,69469
2000,WASHINGTON,WA,2487433,1108864,1247652,13135,117782
2000,WEST VIRGINIA,WV,648124,336475,295497,1912,14240
2000,WISCONSIN,WI,2598607,1237279,1242987,6640,111701
2000,WYOMING,WY,213726,147947,60481,1443,3855
2004,ALABAMA,AL,1883415,1176394,693933,0,13088
2004,ALASKA,AK,312598,190889,111025,1675,9009
2004,ARIZONA,AZ,2012585,1104294,893524,11856,2911
2004,ARKANSAS,AR,1054945,572898,469953,2352,9742
2004,CALIFORNIA,CA,12421353,5509826,6745485,50165,115877
2004,COLORADO,CO,2129630,1101255,1001732,7664,18979
2004,CONNECTICUT,CT,1578769,693826,857488,3367,24088
2004,DELAWARE,DE,375190,171660,200152,586,2792
2004,DISTRICT OF COLUMBIA,DC,227586,21256,202970,502,2858
2004,FLORIDA,FL,7609810,3964522,3583544,11996,49748
2004,GEORGIA,GA,3301875,1914254,1366149,18387,3085
2004,HAWAII,HI,429013,194191,231708,1377,1737
2004,IDAHO,ID,598376,409235,181098,3844,4199
2004,ILLINOIS,IL,5274322,2345946,2891550,32442,4384
2004,INDIANA,IN,2468002,1479438,969011,18058,1495
2004,IOWA,IA,1506908,751957,741898,2992,10061
2004,KANSAS,KS,1187756,736456,434993,4013,12294
2004,KENTUCKY,KY,1795882,1069439,712733,2619,11091
2004,LOUISIANA,LA,1943106,1102169,820299,2781,17857
2004,MAINE,ME,740752,330201,396842,1965,11744
2004,MARYLAND,MD,2384238,1024703,1334493,6094,18948
2004,MASSACHUSETTS,MA,2927455,1071109,1803800,15022,37524
2004,MICHIGAN,MI,4839252,2313746,2479183,10552,35771
2004,MINNESOTA,MN,2828387,1346695,1445014,4639,32039
2004,MISSISSIPPI,MS,1139824,672660,457766,1793,7605
2004,MISSOURI,MO,2731364,1455713,1259171,9831,6649
2004,MONTANA,MT,450434,266063,173710,1733,8928
2004,NEBRASKA,NE,778186,512814,254328,2041,9003
2004,NEVADA,NV,829587,418690,397190,3176,10531
2004,NEW HAMPSHIRE,NH,678287,331237,340511,0,6539
2004,NEW JERSEY,NJ,3611691,1670003,1911430,0,30258
2004,NEW MEXICO,NM,756304,376930,370942,2382,6050
2004,NEW YORK,NY,7448266,5769560,8495035,23214,159812
2004,NORTH CAROLINA,NC,3501007,1961166,1525849,11731,2261
2004,NORTH DAKOTA,ND,312833,196651,111052,851,4279
2004,OHIO,OH,5627903,2859764,2741165,0,26974
2004,OKLAHOMA,OK,1463758,959792,503966,0,0
2004,OREGON,OR,1836782,866831,943163,7260,19528
2004,PENNSYLVANIA,PA,5769590,2793847,2938095,21185,16463
2004,RHODE ISLAND,RI,437134,169046,259760,907,7421
2004,SOUTH CAROLINA,SC,1617700,937974,661669,3608,14449
2004,SOUTH DAKOTA,SD,388215,232584,149244,964,5423
2004,TENNESSEE,TN,2437319,1384375,1036477,0,16467
2004,TEXAS,TX,7410749,4526917,2832704,38787,12341
2004,UTAH,UT,927844,663742,241199,3375,19528
2004,VERMONT,VT,312309,121180,184067,1102,5960
2004,VIRGINIA,VA,3195415,1716959,1454742,11032,12682
2004,WASHINGTON,WA,2859084,1304894,1510201,11955,32034
2004,WEST VIRGINIA,WV,755792,423778,326541,1405,4068
2004,WISCONSIN,WI,2997007,1478120,1489504,6464,22919
2004,WYOMING,WY,243861,167629,70776,1171,4285
2008,ALABAMA,AL,2099819,1266546,813479,0,19794
2008,ALASKA,AK,326197,193841,123594,1589,7173
2008,ARIZONA,AZ,2293475,1230111,1034707,12555,16102
2008,ARKANSAS,AR,1086617,638017,422310,4776,21514
2008,CALIFORNIA,CA,13561900,5011781,8274473,67582,208064
2008,COLORADO,CO,2401361,1073589,1288576,10897,28299
2008,CONNECTICUT,CT,1646792,629428,997772,0,19592
2008,DELAWARE,DE,412412,152374,255459,1109,3470
2008,DISTRICT OF COLUMBIA,DC,265853,17367,245800,0,2686
2008,FLORIDA,FL,8390744,4045624,4282074,17218,45828
2008,GEORGIA,GA,3924486,2048759,1844123,28731,2873
2008,HAWAII,HI,453568,120566,325871,1314,5817
2008,IDAHO,ID,655122,403012,236440,3658,12012
2008,ILLINOIS,IL,5522371,2031179,3419348,19642,52202
2008,INDIANA,IN,2751054,1345648,1374039,29257,2110
2008,IOWA,IA,1537123,682379,828940,4590,21214
2008,KANSAS,KS,1235872,699655,514765,6706,14746
2008,KENTUCKY,KY,1826620,1048462,751985,5989,20184
2008,LOUISIANA,LA,1960761,1148275,782989,0,29497
2008,MAINE,ME,731163,295273,421923,0,13967
2008,MARYLAND,MD,2631596,959862,1629467,9842,32425
2008,MASSACHUSETTS,MA,3102995,1108854,1904097,13189,76855
2008,MICHIGAN,MI,5001596,2048639,2872579,23716,56662
2008,MINNESOTA,MN,2910369,1275409,1573354,9174,52432
2008,MISSISSIPPI,MS,1289865,724597,554662,2529,8077
2008,MISSOURI,MO,2925205,1445814,1441911,11386,26094
2008,MONTANA,MT,490109,242763,231667,1355,14324
2008,NEBRASKA,NE,801281,452979,333319,2740,12243
2008,NEVADA,NV,967848,412827,533736,4263,17022
2008,NEW HAMPSHIRE,NH,710970,316534,384826,2748,6862
2008,NEW JERSEY,NJ,3868237,1613207,2215422,8441,31167
2008,NEW MEXICO,NM,830158,346832,472422,2428,8476
2008,NEW YORK,NY,7722019,5171094,9450277,39192,144707
2008,NORTH CAROLINA,NC,4310851,2128474,2142651,25722,14004
2008,NORTH DAKOTA,ND,316621,168601,141278,1354,5388
2008,OHIO,OH,5708350,2677820,2940044,19917,70569
2008,OKLAHOMA,OK,1462661,960165,502496,0,0
2008,OREGON,OR,1827864,738475,1037291,7635,44463
2008,PENNSYLVANIA,PA,6013272,2655885,3276363,19912,61112
2008,RHODE ISLAND,RI,471766,165391,296571,1382,8422
2008,SOUTH CAROLINA,SC,1920969,1034896,862449,7283,16341
2008,SOUTH DAKOTA,SD,381975,203054,170924,1835,6162
2008,TENNESSEE,TN,2599749,1479178,1087437,0,33134
2008,TEXAS,TX,8077795,4479328,3528633,56116,13718
2008,UTAH,UT,952370,596030,327670,6966,21704
2008,VERMONT,VT,325046,98974,219262,1067,5743
2008,VIRGINIA,VA,3723260,1725005,1959532,11067,27656
2008,WASHINGTON,WA,3036878,1229216,1750848,12728,44086
2008,WEST VIRGINIA,WV,713451,397466,303857,0,12128
2008,WISCONSIN,WI,2983417,1262393,1677211,8858,34955
2008,WYOMING,WY,254658,164958,82868,1594,5238
2012,ALABAMA,AL,2074338,1255925,795696,0,22717
2012,ALASKA,AK,300495,164676,122640,7392,5787
2012,ARIZONA,AZ,2299254,1233654,1025232,32100,8268
2012,ARKANSAS,AR,1069468,647744,394409,16276,11039
2012,CALIFORNIA,CA,13038547,4839958,7854285,143221,201083
2012,COLORADO,CO,2569516,1185243,1323101,35545,25627
2012,CONNECTICUT,CT,1558204,634892,905083,12340,5889
2012,DELAWARE,DE,413890,165484,242584,3882,1940
2012,DISTRICT OF COLUMBIA,DC,293764,21381,267070,2083,3230
2012,FLORIDA,FL,8474179,4163447,4237756,44726,28250
2012,GEORGIA,GA,3897839,2078688,1773827,45324,0
2012,HAWAII,HI,434697,121015,306658,3840,3184
2012,IDAHO,ID,652274,420911,212787,9453,9123
2012,ILLINOIS,IL,5242014,2135216,3019512,56229,31057
2012,INDIANA,IN,2624534,1420543,1152887,50111,993
2012,IOWA,IA,1582180,730617,822544,12926,16093
2012,KANSAS,KS,1159971,692634,440726,20456,6155
2012,KENTUCKY,KY,1797212,1087190,679370,17063,13589
2012,LOUISIANA,LA,1994065,1152262,809141,18157,14505
2012,MAINE,ME,713180,292276,401306,9352,10246
2012,MARYLAND,MD,2707327,971869,1677844,30195,27419
2012,MASSACHUSETTS,MA,3184196,1188314,1921290,30920,43672
2012,MICHIGAN,MI,4730961,2115256,2564569,0,51136
2012,MINNESOTA,MN,2936561,1320225,1546167,35098,35071
2012,MISSISSIPPI,MS,1285584,710746,562949,6676,5213
2012,MISSOURI,MO,2757323,1482440,1223796,43151,7936
2012,MONTANA,MT,484048,267928,201839,14165,116
2012,NEBRASKA,NE,794379,475064,302081,11109,6125
2012,NEVADA,NV,1014918,463567,531373,10968,9010
2012,NEW HAMPSHIRE,NH,710972,329918,369561,8212,3281
2012,NEW JERSEY,NJ,3638499,1478088,2122786,21035,16590
2012,NEW MEXICO,NM,783758,335788,415335,27788,4847
2012,NEW YORK,NY,7116784,4708829,8796099,94184,112389
2012,NORTH CAROLINA,NC,4505372,2270395,2178391,44515,12071
2012,NORTH DAKOTA,ND,322932,188320,124966,5238,4408
2012,OHIO,OH,5580822,2661407,2827621,49493,42301
2012,OKLAHOMA,OK,1334872,891325,443547,0,0
2012,OREGON,OR,1789270,754175,970488,24089,40518
2012,PENNSYLVANIA,PA,5742040,2680434,2990274,49991,21341
2012,RHODE ISLAND,RI,446049,157204,279677,4388,4780
2012,SOUTH CAROLINA,SC,1964118,1071645,865941,16321,10211
2012,SOUTH DAKOTA,SD,363815,210610,145039,5795,2371
2012,TENNESSEE,TN,2458577,1462330,960709,0,35538
2012,TEXAS,TX,7993851,4569843,3308124,88580,27304
2012,UTAH,UT,1017440,740600,251813,12572,12455
2012,VERMONT,VT,299290,92698,199239,3487,3866
2012,VIRGINIA,VA,3854489,1822522,1971820,31216,28931
2012,WASHINGTON,WA,3125516,1290670,1755396,42202,37248
2012,WEST VIRGINIA,WV,670438,417655,238269,6302,8212
2012,WISCONSIN,WI,3071434,1410966,1620985,0,39483
2012,WYOMING,WY,249061,170962,69286,5326,3487
2016,ALABAMA,AL,2123372,1318255,729547,44467,31103
2016,ALASKA,AK,318608,163387,116454,18725,20042
2016,ARIZONA,AZ,2573165,1252401,1161167,106327,53270
2016,ARKANSAS,AR,1130635,684872,380494,29829,35440
2016,CALIFORNIA,CA,14181595,4483810,8753788,478500,465497
2016,COLORADO,CO,2780220,1202484,1338870,144121,94745
2016,CONNECTICUT,CT,1644920,673215,897572,48676,25457
2016,DELAWARE,DE,441590,185127,235603,14757,6103
2016,DISTRICT OF COLUMBIA,DC,311268,12723,282830,4906,10809
2016,FLORIDA,FL,9420039,4617886,4504975,207043,90135
2016,GEORGIA,GA,4114732,2089104,1877963,125306,22359
2016,HAWAII,HI,428937,128847,266891,15954,17245
2016,IDAHO,ID,690255,409055,189765,28331,63104
2016,ILLINOIS,IL,5536424,2146015,3090729,209596,90084
2016,INDIANA,IN,2734958,1557286,1033126,133993,10553
2016,IOWA,IA,1565580,800983,653669,59186,51742
2016,KANSAS,KS,1184402,671018,427005,55406,30973
2016,KENTUCKY,KY,1924149,1202971,628854,53752,38572
2016,LOUISIANA,LA,2029032,1178638,780154,37978,32262
2016,MAINE,ME,747927,335593,357735,38105,16494
2016,MARYLAND,MD,2781446,943169,1677928,79605,80744
2016,MASSACHUSETTS,MA,3325046,1090893,1995196,138018,100939
2016,MICHIGAN,MI,4799284,2279543,2268839,172136,78766
2016,MINNESOTA,MN,2944782,1322949,1367705,112972,141156
2016,MISSISSIPPI,MS,1209357,700714,485131,14435,9077
2016,MISSOURI,MO,2808605,1594511,1071068,97359,45667
2016,MONTANA,MT,494526,279240,177709,28037,9540
2016,NEBRASKA,NE,844227,495961,284494,38946,24826
2016,NEVADA,NV,1125385,512058,539260,37384,36683
2016,NEW HAMPSHIRE,NH,744296,345790,348526,30777,19203
2016,NEW JERSEY,NJ,3874046,1601933,2148278,72477,51358
2016,NEW MEXICO,NM,798319,319667,385234,74541,18877
2016,NEW YORK,NY,7721453,5346676,8935913,234040,169197
2016,NORTH CAROLINA,NC,4741564,2362631,2189316,130126,59491
2016,NORTH DAKOTA,ND,344360,216794,93758,21434,12374
2016,OHIO,OH,5496487,2841005,2394164,0,261318
2016,OKLAHOMA,OK,1452992,949136,420375,83481,0
2016,OREGON,OR,2001336,782403,1002106,94231,122596
2016,PENNSYLVANIA,PA,6115402,2970733,2926441,146715,71513
2016,RHODE ISLAND,RI,464144,180543,252525,14746,16330
2016,SOUTH CAROLINA,SC,2103027,1155389,855373,49204,43061
2016,SOUTH DAKOTA,SD,370093,227721,117458,20850,4064
2016,TENNESSEE,TN,2508027,1522925,870695,0,114407
2016,TEXAS,TX,8969226,4685047,3877868,283492,122819
2016,UTAH,UT,1131317,515211,310674,39608,265824
2016,VERMONT,VT,315067,95369,178573,10078,31047
2016,VIRGINIA,VA,3982752,1769443,1981473,118274,113562
2016,WASHINGTON,WA,3317019,1221747,1742718,160879,191675
2016,WEST VIRGINIA,WV,713051,489371,188794,23004,11882
2016,WISCONSIN,WI,2976150,1405284,1382536,106674,81656
2016,WYOMING,WY,255849,174419,55973,13287,12170
2020,ALABAMA,AL,2323282,1441170,849624,25176,7312
2020,ALASKA,AK,359530,189951,153778,8897,6904
2020,ARIZONA,AZ,3387326,1661686,1672143,51465,2032
2020,ARKANSAS,AR,1219069,760647,423932,13133,21357
2020,CALIFORNIA,CA,17500881,6006429,11110250,187895,196307
2020,COLORADO,CO,3279980,1364607,1804352,52460,58561
2020,CONNECTICUT,CT,1823857,714717,1080831,20230,8079
2020,DELAWARE,DE,504346,200603,296268,5000,2475
2020,DISTRICT OF COLUMBIA,DC,344356,18586,317323,2036,6411
2020,FLORIDA,FL,11067456,5668731,5297045,70324,31356
2020,GEORGIA,GA,4999960,2461854,2473633,62229,2244
2020,HAWAII,HI,579396,196864,366130,5539,10863
2020,IDAHO,ID,868014,554119,287021,16404,10470
2020,ILLINOIS,IL,6033743,2446891,3471915,66544,48393
2020,INDIANA,IN,3033118,1729519,1242416,59232,1951
2020,IOWA,IA,1690871,897672,759061,19637,14501
2020,KANSAS,KS,1372303,771406,570323,30574,0
2020,KENTUCKY,KY,2136768,1326646,772474,26234,11414
2020,LOUISIANA,LA,2148062,1255776,856034,21645,14607
2020,MAINE,ME,828305,360737,435072,14152,18344
2020,MARYLAND,MD,3037030,976414,1985023,33488,42105
2020,MASSACHUSETTS,MA,3658005,1167202,2382202,47013,61588
2020,MICHIGAN,MI,5539302,2649852,2804040,60381,25029
2020,MINNESOTA,MN,3277171,1484065,1717077,34976,41053
2020,MISSISSIPPI,MS,1313759,756764,539398,8026,9571
2020,MISSOURI,MO,3025962,1718736,1253014,41205,13007
2020,MONTANA,MT,603674,343602,244786,15252,34
2020,NEBRASKA,NE,956383,556846,374583,20283,4671
2020,NEVADA,NV,1405376,669890,703486,14783,17217
2020,NEW HAMPSHIRE,NH,806182,365654,424921,13235,2372
2020,NEW JERSEY,NJ,4549353,1883274,2608335,31677,26067
2020,NEW MEXICO,NM,923965,401894,501614,12585,7872
2020,NEW YORK,NY,8638367,6489596,10461970,120468,102350
2020,NORTH CAROLINA,NC,5524802,2758773,2684292,48678,33059
2020,NORTH DAKOTA,ND,361819,235595,114902,9393,1929
2020,OHIO,OH,5922202,3154834,2679165,67569,20634
2020,OKLAHOMA,OK,1560699,1020280,503890,24731,11798
2020,OREGON,OR,2374321,958448,1340383,41582,33908
2020,PENNSYLVANIA,PA,6915283,3377674,3458229,79380,0
2020,RHODE ISLAND,RI,516990,199922,307486,5053,4529
2020,SOUTH CAROLINA,SC,2514096,1385103,1091541,27916,9536
2020,SOUTH DAKOTA,SD,422609,261043,150471,11095,0
2020,TENNESSEE,TN,3053851,1852475,1143711,0,57665
2020,TEXAS,TX,11315056,5890347,5259126,126243,39340
2020,UTAH,UT,1488289,865140,560282,38447,24420
2020,VERMONT,VT,370690,112704,242820,3608,11558
2020,VIRGINIA,VA,4460524,1962430,2413568,64761,19765
2020,WASHINGTON,WA,4087631,1584651,2369612,80500,52868
2020,WEST VIRGINIA,WV,794652,545382,235984,10687,2599
2020,WISCONSIN,WI,3298041,1610184,1630866,0,56991
2020,WYOMING,WY,276765,193559,73491,5768,3947
